{
  "project_info": {
    "project_number": "193523648923",
    "project_id": "map-week05-lab-9b954",
    "storage_bucket": "map-week05-lab-9b954.appspot.com"
  },
  "client": [
    {
      "client_info": {
        "mobilesdk_app_id": "1:193523648923:android:8ee193102c41207d21f93e",
        "android_client_info": {
          "package_name": "com.example.lab_week_05"
        }
      },
      "oauth_client": [],
      "api_key": [
        {
          "current_key": "AIzaSyDCyC-wg7boHt224fiUv3XpRgGWv3wVVKM"
        }
      ],
      "services": {
        "appinvite_service": {
          "other_platform_oauth_client": []
        }
      }
    }
  ],
  "configuration_version": "1"
}